Warden	hero_warden	Common	The Warden
Quartermaster	hero_quartermaster	Common	The Quartermaster
Scholar	hero_scholar	Rare	The Scholar
RelicHunter	hero_relic_hunter	Rare	The Relic-hunter
Scout	hero_scout	Legendary	The Scout
Adventurer	hero_adventurer	Common	The Adventurer
Bard	hero_bard	Common	The Bard
BeastkinHunter	hero_beastkin_hunter	Common	The Beastkin Hunter
Cleric	hero_cleric	Common	The Cleric
Cook	hero_cook	Common	The Cook
Gardener	hero_gardener	Common	The Gardener
Joker	hero_joker	Common	The Joker
Merchant	hero_merchant	Common	The Merchant
Priest	hero_priest	Common	The Priest
Rogue	hero_rogue	Common	The Rogue
ThreeMice	hero_three_mouses	Common	Three Mice in a Coat
Sellsword	hero_warrior	Common	The Sellsword
DarkKnight	hero_dark_knight	Rare	The Dark Knight
Paladin	hero_paladin	Rare	The Paladin
Wizard	hero_wizard	Rare	The Wizard
Witch	hero_witch	Rare	The Witch
Druid	hero_druid	Rare	The Druid
IceLancer	hero_ice_lancer	Rare	The Ice Lancer
HolyWarrior	hero_holy_warrior	Rare	The Holy Warrior
SavageWarrior	hero_savage_warrior	Rare	The Savage
Spymaster	hero_spymaster	Rare	The Spymaster
ElectricArcher	hero_electric_archer	Rare	The Storm Archer
GoldenDragon	hero_golden_dragon	Legendary	The Golden Dragon
VampireLord	hero_vampire_lord	Legendary	The Vampire Lord
Necromancer	hero_necromancer	Legendary	The Necromancer
Pharao	hero_pharao	Legendary	The Pharaoh
ElvenPrincess	hero_elven_princess	Legendary	The Elven Princess
